{"E_train (eV)": 0.0037498979875413264, "F_train (eV/AA)": 0.14928269890316498, "V_train (eV)": 0.024129668942929457, "E_validation (eV)": 0.0024747006139089773, "F_validation (eV/AA)": 0.12993023164420026, "V_validation (eV)": 0.011537596776957355, "hcp_Ti7AlV (THz)": 0.25809507950831084, "hcp_Ti7AlV deltaF 0K (eV)": 0.00037970655630725075, "hcp_Ti7AlV deltaF 2000K (eV)": 0.0253176611998287, "bcc_Ti7AlV (THz)": 0.6419727695479062, "hex_Ti10AlV (THz)": 0.24389249346622927, "hex_Ti10AlV deltaF 0K (eV)": 0.0006274963073035674, "hex_Ti10AlV deltaF 2000K (eV)": 0.010222235818363234, "hcp_Ti6Al2 (THz)": 0.24862443754542252, "hcp_Ti6Al2 deltaF 0K (eV)": 0.0006549650379470903, "hcp_Ti6Al2 deltaF 2000K (eV)": 0.013432735585322542, "hcp_Ti6V2 (THz)": 0.6629998519165049, "hcp_Ti7V (THz)": 0.5447691736897765, "bcc_Ti6Al2 (THz)": 0.4282310878559352, "bcc_Ti6V2 (THz)": 0.6742027339661514, "hex_Ti10Al2 (THz)": 0.3169385877452815, "hex_Ti10Al2 deltaF 0K (eV)": 9.818164864663914e-05, "hex_Ti10Al2 deltaF 2000K (eV)": 0.05643608230673891, "hex_Ti10V2 (THz)": 0.25425132682294627, "hex_Ti10V2 deltaF 0K (eV)": 0.00033549013506677566, "hex_Ti10V2 deltaF 2000K (eV)": 0.008833777143654705, "bcc_C11 (GPa)": 1.1800000000000068, "bcc_C12 (GPa)": 6.560000000000002, "bcc_C44 (GPa)": 0.29999999999999716, "bcc_B (GPa)": 3.980000000000004, "bcc_EC_RMSE (GPa)": 3.884469075691042, "hcp_C11 (GPa)": 1.1800000000000068, "hcp_C12 (GPa)": 1.769999999999996, "hcp_C13 (GPa)": 3.2900000000000063, "hcp_C14 (GPa)": 0.66, "hcp_C15 (GPa)": 1.18, "hcp_C33 (GPa)": 10.190000000000026, "hcp_C44 (GPa)": 0.7600000000000051, "hcp_C66 (GPa)": 1.480000000000004, "hcp_B (GPa)": 0.5446634349895305, "hcp_EC_RMSE (GPa)": 3.7130125273962764, "hex_C11 (GPa)": 5.22999999999999, "hex_C12 (GPa)": 0.35999999999999943, "hex_C13 (GPa)": 0.75, "hex_C14 (GPa)": 0.75, "hex_C15 (GPa)": 0.20999999999999996, "hex_C33 (GPa)": 13.530000000000001, "hex_C44 (GPa)": 0.240000000000002, "hex_C66 (GPa)": 2.4399999999999977, "hex_B (GPa)": 3.068411236159548, "hex_EC_RMSE (GPa)": 5.023708761841086}